{"x": [0.0, 0.0625, 0.125, 0.1875, 0.25, 0.3125, 0.375, 0.4375, 0.5, 0.5625, 0.625, 0.6875, 0.75, 0.8125, 0.875, 0.9375, 1.0], "comp": [0.0, 0.058593749999999986, 0.10937499999999997, 0.15234374999999997, 0.1875, 0.21484375, 0.23437500000000003, 0.24609375, 0.25, 0.24609374999999997, 0.234375, 0.21484375000000003, 0.1875, 0.15234375, 0.109375, 0.05859375, 0.0]}