{"x": [0.0, 0.125, 0.25, 0.375, 0.5, 0.625, 0.75, 0.875, 1.0], "comp": [0.0, 0.10937499999999997, 0.18749999999999994, 0.23437499999999997, 0.25, 0.234375, 0.1875, 0.109375, 0.0]}