{"x": [0.0, 0.2, 0.35, 0.5, 0.65, 0.8, 1.0], "comp": [0.0, 0.15999999999999998, 0.22749999999999998, 0.25, 0.22749999999999998, 0.15999999999999995, 0.0]}