{"x": [0.0, 0.1, 0.18, 0.24, 0.3, 0.37, 0.4, 0.43, 0.46, 0.5, 0.54, 0.62, 0.7, 0.75, 0.8, 0.85, 0.92, 1.0], "comp": [0.0, 0.08999999999999989, 0.14759999999999973, 0.1823999999999997, 0.20999999999999963, 0.23309999999999956, 0.23999999999999952, 0.2450999999999995, 0.2483999999999995, 0.24999999999999956, 0.24839999999999962, 0.23559999999999973, 0.20999999999999983, 0.18749999999999986, 0.1599999999999999, 0.12749999999999997, 0.07359999999999996, 0.0]}